{
  "project_info": {
    "project_number": "978716046190",
    "firebase_url": "https://login-82a65.firebaseio.com",
    "project_id": "login-82a65",
    "storage_bucket": "login-82a65.appspot.com"
  },
  "client": [
    {
      "client_info": {
        "mobilesdk_app_id": "1:978716046190:android:58cf8323a65cd7ded2077f",
        "android_client_info": {
          "package_name": "com.example.user.login"
        }
      },
      "oauth_client": [
        {
          "client_id": "978716046190-9amst9sk8adg5rmsg9hedmmsaddb3b8f.apps.googleusercontent.com",
          "client_type": 3
        }
      ],
      "api_key": [
        {
          "current_key": "AIzaSyAYHmC6A1sPLgCONs0ClfYxAx9wrOpa2Uk"
        }
      ],
      "services": {
        "appinvite_service": {
          "other_platform_oauth_client": [
            {
              "client_id": "978716046190-9amst9sk8adg5rmsg9hedmmsaddb3b8f.apps.googleusercontent.com",
              "client_type": 3
            }
          ]
        }
      }
    }
  ],
  "configuration_version": "1"
}